ID,Label,Degree,Eccentricity,Closeness Centrality,Betweenness Centrality,Modularity Class,Authority,Hub9,9,2,7,0.236363636,0.012094672,0,0.003504673,0.00350467334,34,1,8,0.191489362,0,0,0.002336449,0.00233644955,55,3,6,0.307086614,0.023980815,0,0.004672897,0.00467289710,10,1,6,0.281927711,0,2,0.002336449,0.002336449260,260,8,5,0.391304348,0.024203494,2,0.010514019,0.01051401911,11,1,6,0.316216216,0,4,0.002336449,0.002336449280,280,22,5,0.460629921,0.070742699,4,0.02686916,0.0268691616,16,1,6,0.311170213,0,2,0.002336449,0.00233644932,32,19,5,0.45,0.056852598,2,0.023364486,0.02336448625,25,2,6,0.302325581,0.001621335,0,0.003504673,0.003504673101,101,9,5,0.414893617,0.05271672,0,0.011682243,0.01168224386,86,4,6,0.315363881,0.013906116,0,0.005841122,0.00584112227,27,3,6,0.324099723,6.84E-05,0,0.004672897,0.004672897411,411,21,5,0.433333333,0.089662166,0,0.025700934,0.025700934160,160,14,5,0.409090909,0.024493457,0,0.017523365,0.017523365412,412,10,6,0.362229102,0.008328628,0,0.012850467,0.01285046772,72,1,6,0.311170213,0,2,0.002336449,0.00233644967,67,7,5,0.396610169,2.77E-04,2,0.009345794,0.00934579494,94,9,5,0.396610169,0.030066274,3,0.011682243,0.01168224373,73,1,6,0.311170213,0,2,0.002336449,0.002336449110,110,13,5,0.427007299,0.008266112,2,0.01635514,0.01635514205,205,5,5,0.3556231,0.013673035,4,0.007009346,0.007009346242,242,10,5,0.414893617,0.028309065,0,0.012850467,0.012850467226,226,8,5,0.403448276,0.001588472,2,0.010514019,0.010514019207,207,14,5,0.413427562,0.011167157,2,0.017523365,0.017523365206,206,28,5,0.473684211,0.136710912,1,0.033878505,0.033878505279,279,10,5,0.422382671,0.046525999,2,0.012850467,0.012850467271,271,7,5,0.384868421,0.013225283,2,0.009345794,0.009345794259,259,34,4,0.531818182,0.149669091,2,0.04088785,0.04088785245,245,7,5,0.387417219,0.002708492,2,0.009345794,0.009345794388,388,19,5,0.45,0.028844886,0,0.023364486,0.023364486353,353,18,5,0.428571429,0.056054825,3,0.022196261,0.022196261352,352,20,5,0.455252918,0.031566811,2,0.024532711,0.02453271133,33,13,5,0.410526316,0.028232292,3,0.01635514,0.01635514183,183,22,5,0.419354839,0.059407858,3,0.02686916,0.0268691668,68,4,5,0.365625,0.004050401,4,0.005841122,0.00584112235,35,1,6,0.291770574,0,3,0.002336449,0.002336449148,148,10,5,0.393939394,0.004968619,3,0.012850467,0.012850467395,395,11,5,0.402061856,0.018544564,0,0.014018691,0.014018691316,316,4,5,0.36,0.002626794,3,0.005841122,0.00584112240,40,4,3,0.52,0.004770097,10,0.005841122,0.005841122143,143,2,4,0.393939394,3.13E-04,10,0.003504673,0.00350467337,37,2,6,0.344117647,2.98E-04,3,0.003504673,0.00350467346,46,7,6,0.335243553,0.005433112,5,0.009345794,0.009345794224,224,4,5,0.32320442,0.001086345,5,0.005841122,0.005841122132,132,1,4,0.351351351,0,10,0.002336449,0.00233644980,80,2,4,0.419354839,0.003127932,10,0.003504673,0.003504673341,341,6,4,0.52,0.004570257,10,0.00817757,0.0081775744,44,1,6,0.254901961,0,10,0.002336449,0.002336449104,104,3,5,0.333333333,0.002398082,10,0.004672897,0.00467289765,65,4,5,0.344117647,0.003957202,5,0.005841122,0.005841122202,202,5,5,0.345132743,0.001556818,5,0.007009346,0.00700934651,51,2,6,0.332386364,1.48E-04,3,0.003504673,0.003504673290,290,10,5,0.381107492,0.020928621,5,0.012850467,0.01285046749,49,1,6,0.32231405,0,1,0.002336449,0.00233644950,50,3,6,0.296954315,0.023980815,7,0.004672897,0.00467289787,87,2,7,0.229862475,0,7,0.003504673,0.00350467352,52,1,1,1,0,6,0.002336449,0.002336449126,126,1,1,1,0,6,0.002336449,0.002336449192,192,17,5,0.431734317,0.049249212,2,0.021028038,0.02102803897,97,2,6,0.305483029,0,0,0.003504673,0.003504673112,112,2,7,0.229862475,0,7,0.003504673,0.00350467357,57,1,6,0.296202532,0,3,0.002336449,0.002336449303,303,8,5,0.384868421,0.041651281,4,0.010514019,0.01051401963,63,1,1,1,0,8,0.002336449,0.002336449155,155,1,1,1,0,8,0.002336449,0.002336449408,408,2,6,0.277251185,0,5,0.003504673,0.00350467378,78,1,6,0.32231405,0,1,0.002336449,0.00233644977,77,2,7,0.242236025,0.012094672,9,0.003504673,0.003504673343,343,1,8,0.195325543,0,9,0.002336449,0.002336449156,156,1,7,0.240246407,0,0,0.002336449,0.002336449174,174,2,6,0.290322581,9.38E-05,3,0.003504673,0.003504673298,298,5,6,0.317073171,0.048432227,9,0.007009346,0.007009346342,342,1,6,0.284671533,0,3,0.002336449,0.00233644991,91,2,6,0.328651685,0,1,0.003504673,0.003504673292,292,7,5,0.388704319,0.01596195,1,0.009345794,0.009345794144,144,10,5,0.393939394,0.006539354,3,0.012850467,0.01285046795,95,9,6,0.364485981,0.004344788,0,0.011682243,0.011682243168,168,8,6,0.35347432,0.012719469,0,0.010514019,0.010514019381,381,20,5,0.45703125,0.045615346,0,0.024532711,0.024532711310,310,5,5,0.373801917,0.00582009,0,0.007009346,0.007009346190,190,13,5,0.420863309,0.022985611,0,0.01635514,0.0163551499,99,3,6,0.3046875,0.00490151,1,0.004672897,0.004672897289,289,2,6,0.262331839,3.31E-04,1,0.003504673,0.003504673109,109,3,6,0.333333333,0.002788915,1,0.004672897,0.004672897107,107,1,6,0.278571429,0,4,0.002336449,0.002336449387,387,1,6,0.254901961,0,10,0.002336449,0.002336449119,119,3,6,0.348214286,1.48E-04,3,0.004672897,0.004672897117,117,1,6,0.32231405,0,1,0.002336449,0.002336449123,123,6,5,0.378640777,0.005251999,3,0.00817757,0.00817757210,210,6,5,0.383606557,1.33E-04,2,0.00817757,0.00817757115,115,2,7,0.242236025,0.012094672,9,0.003504673,0.003504673404,404,1,8,0.195325543,0,9,0.002336449,0.002336449275,275,4,5,0.393939394,4.43E-04,10,0.005841122,0.005841122122,122,4,5,0.39261745,0.001555269,4,0.005841122,0.005841122125,125,1,6,0.278571429,0,2,0.002336449,0.002336449137,137,2,5,0.339130435,2.24E-04,1,0.003504673,0.003504673124,124,1,6,0.296202532,0,3,0.002336449,0.002336449358,358,9,5,0.403448276,0.00530481,0,0.011682243,0.011682243196,196,4,6,0.344117647,0.003899007,4,0.005841122,0.005841122173,173,11,5,0.40625,0.028133029,5,0.014018691,0.014018691181,181,3,6,0.327731092,0,3,0.004672897,0.004672897157,157,1,6,0.28960396,0,5,0.002336449,0.002336449187,187,5,6,0.333333333,0.001323918,0,0.007009346,0.007009346163,163,1,6,0.302325581,0,2,0.002336449,0.002336449166,166,2,5,0.371428571,0.001251173,10,0.003504673,0.003504673167,167,1,6,0.276595745,0,10,0.002336449,0.002336449241,241,1,7,0.261744966,0,0,0.002336449,0.002336449171,171,1,6,0.300771208,0,3,0.002336449,0.002336449175,175,4,5,0.393939394,6.08E-05,10,0.005841122,0.005841122335,335,4,5,0.393939394,6.08E-05,10,0.005841122,0.005841122178,178,3,5,0.371428571,0,10,0.004672897,0.004672897191,191,1,6,0.296954315,0,0,0.002336449,0.002336449186,186,2,5,0.357798165,0.001097018,1,0.003504673,0.003504673391,391,2,6,0.332386364,0,3,0.003504673,0.003504673255,255,3,6,0.319672131,6.29E-04,0,0.004672897,0.004672897338,338,3,5,0.372611465,1.51E-04,3,0.004672897,0.004672897347,347,1,6,0.296202532,0,3,0.002336449,0.002336449194,194,1,6,0.287469287,0,0,0.002336449,0.002336449319,319,3,6,0.317073171,0,5,0.004672897,0.004672897197,197,1,6,0.262921348,0,4,0.002336449,0.002336449377,377,3,5,0.344117647,9.89E-04,1,0.004672897,0.004672897379,379,2,5,0.36,0,2,0.003504673,0.003504673216,216,3,6,0.36,0.010521903,9,0.004672897,0.004672897219,219,1,1,1,0,11,0.002336449,0.002336449288,288,1,1,1,0,11,0.002336449,0.002336449237,237,2,6,0.3556231,0,4,0.003504673,0.003504673315,315,3,6,0.329577465,0.007749822,1,0.004672897,0.004672897409,409,1,6,0.32231405,0,1,0.002336449,0.002336449239,239,1,6,0.314516129,0,0,0.002336449,0.002336449369,369,2,5,0.358895706,3.70E-04,2,0.003504673,0.003504673400,400,2,5,0.357798165,4.12E-04,5,0.003504673,0.003504673405,405,1,6,0.281927711,0,2,0.002336449,0.002336449253,253,1,6,0.316216216,0,4,0.002336449,0.002336449350,350,1,6,0.28057554,0,1,0.002336449,0.002336449323,323,1,6,0.278571429,0,4,0.002336449,0.002336449368,368,1,6,0.297709924,0,2,0.002336449,0.002336449320,320,1,1,1,0,12,0.002336449,0.002336449414,414,1,1,1,0,12,0.002336449,0.002336449383,383,1,6,0.300771208,0,3,0.002336449,0.002336449